﻿pos_x,pos_y,rotation,side,designator,mpn,pack,footprint,value,mount_type
156.49,-117.62,-90.0,top,C1,,,PCB capacitor 15uF,15µF,tht
156.49,-115.12,-90.0,top,C2,,,PCB capacitor 15uF,15µF,tht
156.32,-111.92,0.0,top,C3,,,CAPRR254W54L381T254H466,0.47µF,tht
170.79,-122.12,180.0,top,C4,,,CAP_C410C_AX_Z5U_U5TA_KEM,0.01µF,tht
189.0,-104.75,90.0,top,C5,,,CAPPRD350W60D800H1200,180µF/16V,tht
176.59,-111.32,90.0,top,D1,,DO-201AD Taiwan Semiconductor,DIOAD1990W125L900D530,SR305,tht
205.2,-102.4,180.0,top,D2,,,LED_D2.0mm_W4.0mm_H2.8mm_FlatTop,LED,tht
205.0,-118.6981,-90.0,top,F1,,,FUSE_CMF-RL50A-0_BRN,Fuse (3A),tht
171.4,-132.5,0.0,top,J1,,Package,AMASS_XT60-M,XT60-M,tht
213.2,-105.3,0.0,top,J2,,,PinHeader_1x06_P2.54mm_Vertical,~,tht
195.0,-132.1,0.0,top,J3,,Package,AMASS_XT60-M,XT60-M,tht
213.2,-135.0,180.0,top,J4,,,PinHeader_1x06_P2.54mm_Vertical,~,tht
188.6,-123.0,90.0,top,L1,,,IND_SBC8-330-452_KEM,33µH,tht
206.0,-110.6,180.0,top,R1,,,R_Axial_DIN0204_L3.6mm_D1.6mm_P7.62mm_Horizontal,R,tht
161.9,-101.0,0.0,top,TP1,,,TestPoint_Loop_D2.50mm_Drill1.0mm_LowProfile,TestPoint,tht
206.8,-134.9,0.0,top,TP2,,,TestPoint_Loop_D2.50mm_Drill1.0mm_LowProfile,TestPoint,tht
170.4,-107.1986,0.0,top,U3,LM2676T-5.0,TO-220-7,TA07B,LM2676T-5.0,tht
