﻿Designator,Quantity,Value,Footprint,Package,MPN,DNP,Mount_Type,SnapEDA_Link,MAXIMUM_PACKAGE_HEIGHT,Check_prices,STANDARD,PARTREV,MF,MP,Description_1,MANUFACTURER,Description,Price,Availability,ROWS,GENDER,MOUNT,IR,VALUE,PACKAGING,PART-NUMBER,DATASHEET-URL,PITCH,PINS,TYPE,SUPPLIER,OC_FARNELL,OC_NEWARK
"C1, C2",2,15µF,PCB capacitor 15uF,,,,tht,,,,,,,,,,,,,,,,,,,,,,,,,,
C3,1,0.47µF,CAPRR254W54L381T254H466,,,,tht,,,,,,,,,,,,,,,,,,,,,,,,,,
C4,1,0.01µF,CAP_C410C_AX_Z5U_U5TA_KEM,,,,tht,,,,,,,,,,,,,,,,,,,,,,,,,,
C5,1,180µF/16V,CAPPRD350W60D800H1200,,,,tht,,,,,,,,,,,,,,,,,,,,,,,,,,
D1,1,SR305,DIOAD1990W125L900D530,DO-201AD Taiwan Semiconductor,,,tht,https://www.snapeda.com/parts/SR305/Taiwan+Semiconductor/view-part/?ref=snap,5.6 mm,https://www.snapeda.com/parts/SR305/Taiwan+Semiconductor/view-part/?ref=eda,IPC-7351B,K2105,Taiwan Semiconductor,SR305,"
                        
                            3A, 50V, Planar Schottky
                        
",Taiwan Semiconductor,,,,,,,,,,,,,,,,,
D2,1,LED,LED_D2.0mm_W4.0mm_H2.8mm_FlatTop,,,,tht,,,,,,,,,,Light emitting diode,,,,,,,,,,,,,,,,
F1,1,Fuse (3A),FUSE_CMF-RL50A-0_BRN,,,,tht,,,,,,,,,,,,,,,,,,,,,,,,,,
"J1, J3",2,XT60-M,AMASS_XT60-M,Package,,,tht,https://www.snapeda.com/parts/XT60-M/AMASS/view-part/?ref=snap,16.00 mm,https://www.snapeda.com/parts/XT60-M/AMASS/view-part/?ref=eda,IPC 7351B,V1.2,AMASS,XT60-M,"
                        
                            Plug; DC supply; XT60; male; PIN: 2; for cable; soldered; 30A; 500V
                        
",AMASS,,None,Not in stock,,,,,,,,,,,,,,
"J2, J4",2,~,PinHeader_1x06_P2.54mm_Vertical,,,,tht,,,,,,,,,,,,,Single,Pin Header,THT,3A,61300611121,Bag,61300611121,https://www.we-online.com/redexpert/spec/61300611121?ae,2.54mm,6,Straight,,,
L1,1,33µH,IND_SBC8-330-452_KEM,,,,tht,,,,,,,,,,Inductor with ferrite core,,,,,,,,,,,,,,,,
R1,1,R,R_Axial_DIN0204_L3.6mm_D1.6mm_P7.62mm_Horizontal,,,,tht,,,,,,,,,,Resistor,,,,,,,,,,,,,,,,
"TP1, TP2",2,TestPoint,TestPoint_Loop_D2.50mm_Drill1.0mm_LowProfile,,,,tht,,,,,,,,,,test point,,,,,,,,,,,,,,,,
U3,1,LM2676T-5.0,TA07B,TO-220-7,LM2676T-5.0,,tht,,,,,,,,,,,,,,,,,,,,,,,,NATIONAL SEMICONDUCTOR,9485775,41K4169
